X,Y,Test or train,Raw prediction,Cumulative prediction,Cloglog prediction
1.0,1.0,train,9.355699619610734E-4,54.83988885176659,0.6988399894841951
2.0,2.0,train,9.42214912828027E-4,57.28404272278853,0.7013961347205637
3.0,3.0,train,8.994219895165252E-4,45.56248813089255,0.6845466016063954
4.0,4.0,train,8.670571429019514E-4,35.348936185507114,0.6711744529411295
5.0,5.0,train,8.670571429019514E-4,35.348936185507114,0.6711744529411295
6.0,6.0,train,8.670571429019514E-4,35.348936185507114,0.6711744529411295
7.0,7.0,train,7.401306398728264E-4,18.060609963203717,0.6130312857761107
8.0,8.0,train,8.748102891852106E-4,37.138624491236094,0.67442855947668
9.0,9.0,train,8.901824905560957E-4,39.654122158294705,0.6807855794473775
10.0,10.0,train,8.901824905560957E-4,39.654122158294705,0.6807855794473775
11.0,11.0,train,8.805846841050854E-4,37.529887503015495,0.6768312144081542
12.0,12.0,train,7.789302654193671E-4,21.88593524405585,0.6318195525904897
13.0,13.0,train,9.087454694726309E-4,48.27273671944227,0.6882968918011529
14.0,14.0,train,0.0010310617679914434,88.42029945996822,0.7335601635970024
15.0,15.0,train,0.0010063456593808293,80.89630993259387,0.7249773803698758
16.0,16.0,train,9.04463535957608E-4,47.58581006568947,0.686580089066039
17.0,17.0,train,0.0010912878496811438,98.12633765842112,0.7533691370280955
18.0,18.0,train,9.010872883071096E-4,46.19332307010457,0.6852197482218809
19.0,19.0,train,9.280699372742866E-4,50.92928479164279,0.6959286231019597
20.0,20.0,train,9.280699372742866E-4,50.92928479164279,0.6959286231019597
21.0,21.0,train,0.0010370225762888574,88.71989503127492,0.7355896730176181
22.0,22.0,train,0.0010370225762888574,88.71989503127492,0.7355896730176181
23.0,23.0,train,9.010872883071096E-4,46.19332307010457,0.6852197482218809
24.0,24.0,train,9.88376364409353E-4,78.71273290269015,0.7185643919632865
25.0,25.0,train,9.548471828261054E-4,68.53948540837509,0.7061957779109327
26.0,26.0,train,9.548471828261054E-4,68.53948540837509,0.7061957779109327
27.0,27.0,train,0.0010063456593808293,80.89630993259387,0.7249773803698758
28.0,28.0,train,8.946802334096731E-4,43.860659660111885,0.6826219949976526
29.0,29.0,train,8.744083895583321E-4,37.09130723326775,0.6742606705973258
30.0,30.0,train,0.0010107065473628802,83.71691807021841,0.7265115566616913
31.0,31.0,train,8.392302982237202E-4,28.66594740777125,0.6592249521473387
32.0,32.0,train,4.6764575228659124E-4,9.03198832147622,0.4511215048453803
33.0,33.0,train,5.351584826378269E-4,10.40297253718597,0.49665574764114795
34.0,34.0,train,8.689035895983354E-4,35.86719894283919,0.6719523715779754
35.0,35.0,train,8.689035895983354E-4,35.86719894283919,0.6719523715779754
36.0,36.0,train,8.689035895983354E-4,35.86719894283919,0.6719523715779754
37.0,37.0,train,8.689035895983354E-4,35.86719894283919,0.6719523715779754
38.0,38.0,train,7.031798092687325E-4,15.935960899569423,0.5942476622663724
39.0,39.0,train,0.0010411393651585043,91.83720110067391,0.736982306592211
40.0,40.0,train,9.315405518753713E-4,52.88010586141528,0.6972793315876323
41.0,41.0,train,9.290148129033486E-4,52.12325635536092,0.6962969497105644
42.0,42.0,train,9.28351830464089E-4,51.11481974156169,0.6960385560005398
43.0,43.0,train,5.551441809020839E-4,11.005084604305457,0.509395923582064
44.0,44.0,train,5.709675279948154E-4,11.510420842832223,0.5192536206971841
45.0,45.0,train,3.943016869778778E-4,7.319389729400207,0.39697414459588576
46.0,46.0,train,9.287135805917631E-4,52.04244541049965,0.6961795733358824
47.0,47.0,train,8.901824905560957E-4,39.654122158294705,0.6807855794473775
48.0,48.0,train,9.124397654814325E-4,49.33947967931068,0.689770527939737
49.0,49.0,train,9.404340306981586E-4,56.154777966320964,0.7007132100055977
50.0,50.0,train,9.621152735803338E-4,72.27302813295258,0.7089222528247574
51.0,51.0,train,9.28351830464089E-4,51.11481974156169,0.6960385560005398
52.0,52.0,train,9.706676124331063E-4,73.53006147845176,0.7120981023485331
53.0,53.0,train,8.862913336789704E-4,38.91032978252375,0.6791882605072959
54.0,54.0,train,0.0010166777157858532,86.45862033782744,0.7285983631414692
55.0,55.0,train,0.0010097418021534383,82.81297757164666,0.7261728946851941
56.0,56.0,train,8.742448577063952E-4,36.76081254321587,0.6741923322961969
57.0,57.0,train,8.930087129760537E-4,40.248176089570336,0.6819407547925147
58.0,58.0,train,9.706676124331063E-4,73.53006147845176,0.7120981023485331
59.0,59.0,train,8.413470625266526E-4,28.893290880436773,0.6601490051355778
60.0,60.0,train,9.500206286389623E-4,67.14736002064883,0.7043710991646897
61.0,61.0,train,9.480582830472104E-4,65.87601375444432,0.7036259981099977
62.0,62.0,train,7.963965586658969E-4,22.98690098019361,0.6399769462359662
63.0,63.0,train,9.407656818499607E-4,56.3719680589245,0.7008405083494391
64.0,64.0,train,0.0012847541801985613,99.85830577689957,0.8075721097676043
65.0,65.0,train,9.28351830464089E-4,51.11481974156169,0.6960385560005398
66.0,66.0,train,8.817550262253524E-4,37.720027566456594,0.677316014126288
67.0,67.0,train,5.906877844609748E-4,12.151326354925569,0.531262243145717
68.0,68.0,train,4.6281028413928927E-4,8.90805617691328,0.447706365547054
69.0,69.0,train,0.0010579560274402555,93.83110920270656,0.7425953061700861
70.0,70.0,train,0.0010097418021534383,82.81297757164666,0.7261728946851941
71.0,71.0,train,9.169332753084908E-4,49.82196851303083,0.69155357893648
72.0,72.0,train,8.828880354687872E-4,38.50059309167347,0.6777846563113036
73.0,73.0,train,8.901824905560957E-4,39.654122158294705,0.6807855794473775
74.0,74.0,train,7.189745933794227E-4,16.571908181719646,0.6023858671092307
75.0,75.0,train,8.744083895583321E-4,37.09130723326775,0.6742606705973258
76.0,76.0,train,0.0010914781805970472,98.13577916120028,0.7534293444204246
77.0,77.0,train,0.0010411393651585043,91.83720110067391,0.736982306592211
78.0,78.0,train,8.744083895583321E-4,37.09130723326775,0.6742606705973258
79.0,79.0,train,9.287135805917631E-4,52.04244541049965,0.6961795733358824
80.0,80.0,train,9.930602585338682E-4,79.63558379066869,0.7202502777536085
81.0,81.0,train,6.920309789417219E-4,15.732794196264914,0.5884031860252295
82.0,82.0,train,3.5310094788788295E-4,6.281569297868355,0.36424656037531833
83.0,83.0,train,4.038264288666881E-4,7.623042268633976,0.4042970735926217
84.0,84.0,train,9.092799159737837E-4,48.635912230181006,0.6885105121320482
85.0,85.0,train,7.911517137853933E-4,22.2901587917572,0.6375465852009164
86.0,86.0,train,8.986589219659097E-4,45.07059339642913,0.6842376739161165
87.0,87.0,train,0.0010166777157858532,86.45862033782744,0.7285983631414692
88.0,88.0,train,9.499796313508135E-4,66.25566486609952,0.7043555517024156
89.0,89.0,train,0.0010723439890001358,95.00126108604682,0.7473024798938157
90.0,90.0,train,9.331080599933615E-4,54.081446402343545,0.697887412528917
91.0,91.0,train,9.019676076209126E-4,47.00441450039584,0.685575010088371
92.0,92.0,train,9.019676076209126E-4,47.00441450039584,0.685575010088371
93.0,93.0,train,9.019676076209126E-4,47.00441450039584,0.685575010088371
94.0,94.0,train,9.019676076209126E-4,47.00441450039584,0.685575010088371
95.0,95.0,train,9.019676076209126E-4,47.00441450039584,0.685575010088371
96.0,96.0,train,8.138994746183697E-4,23.943114612224267,0.6479701430638497
97.0,97.0,train,9.197349620698584E-4,50.00580794912225,0.6926601140889788
98.0,98.0,train,8.587300477760766E-4,34.57153074201426,0.6676432171933832
99.0,99.0,train,7.98060178054149E-4,23.397684959803957,0.6407444261911386
100.0,100.0,train,9.679025688952468E-4,73.02783262055623,0.7110751321074276
101.0,101.0,train,9.499796313508135E-4,66.25566486609952,0.7043555517024156
102.0,102.0,train,8.226167641119745E-4,25.03343227287829,0.6518846865146734
103.0,103.0,train,9.310696368852304E-4,52.699393538667884,0.6970964113146695
104.0,104.0,train,9.408456575248483E-4,56.53037136081158,0.7008711974737388
105.0,105.0,train,3.765916972804651E-4,6.8452107167043685,0.38311798937031716
106.0,106.0,train,6.722564335909805E-4,14.429235344748996,0.5778290621912923
107.0,107.0,train,0.0010147742994654476,84.53228081220985,0.7279348911017793
108.0,108.0,train,8.983483023324519E-4,44.574332974434064,0.6841118330166369
109.0,109.0,train,9.59106009746448E-4,71.74853603169966,0.7077964720228123
110.0,110.0,train,9.320352990401424E-4,53.532880684281324,0.6974713901426174
111.0,111.0,train,3.8214738107500223E-4,7.034330840463473,0.38749864477218343
112.0,112.0,train,9.379547158174516E-4,55.02529469230822,0.6997598518196788
113.0,113.0,train,7.55013233420622E-4,20.527119405672806,0.6203487671152228
114.0,114.0,train,8.211494705656844E-4,24.54062271351801,0.651228850918832
115.0,115.0,train,9.214992640474564E-4,50.22713896051704,0.6933548929063036
116.0,116.0,train,0.0010789476966788804,95.32211790965872,0.7494340358636156
117.0,117.0,train,7.911517137853933E-4,22.2901587917572,0.6375465852009164
118.0,118.0,train,8.558296237874577E-4,31.826131478726346,0.6664043627977794
119.0,119.0,train,9.500206286389623E-4,67.14736002064883,0.7043710991646897
120.0,120.0,train,7.708210317505592E-4,21.45892852279535,0.6279696709353637
121.0,121.0,train,9.50067561998838E-4,67.29936591034651,0.7043888967684723
122.0,122.0,train,0.0010411393651585043,91.83720110067391,0.736982306592211
123.0,123.0,train,9.28351830464089E-4,51.11481974156169,0.6960385560005398
124.0,124.0,train,0.0010589860539664071,94.1480713376023,0.7429351849602839
125.0,125.0,train,9.532905419861166E-4,67.96029465843763,0.7056085236217258
126.0,126.0,train,8.670571429019514E-4,35.348936185507114,0.6711744529411295
127.0,127.0,train,1.134768769054244E-4,2.1663995709587383,0.13546528728665164
128.0,128.0,train,9.778829798325057E-4,76.80871181158014,0.7147505130571197
129.0,129.0,train,9.973765696503314E-4,80.09437551388652,0.7217949158133823
130.0,130.0,train,0.0010166777157858532,86.45862033782744,0.7285983631414692
131.0,131.0,train,0.0010804805945989582,97.59023595151149,0.7499262504388438
132.0,132.0,train,9.286707814065519E-4,51.94990733377153,0.6961628927820886
133.0,133.0,train,9.599226934362373E-4,72.17660874861546,0.7081024272971752
134.0,134.0,train,0.0010133783272560594,84.32754186080648,0.7274472676346021
135.0,135.0,train,9.452560123901887E-4,63.32101507652782,0.7025587213373723
136.0,136.0,train,0.0010072301848913267,82.30706596247252,0.725289253881616
137.0,137.0,train,8.814350175069728E-4,37.66802805090193,0.6771835267690748
138.0,138.0,train,9.499796313508135E-4,66.25566486609952,0.7043555517024156
139.0,139.0,train,4.6678622720829337E-4,9.017067224544205,0.45051599629207806
140.0,140.0,train,0.0010520151923982533,93.30308491776088,0.7406262147107507
141.0,141.0,train,9.563195170850404E-4,68.9311797336752,0.7067501488698615
142.0,142.0,train,0.0010413693018411158,92.045488132233,0.7370598732809501
143.0,143.0,train,3.770341276970755E-4,6.860973609323799,0.38346799088413097
144.0,144.0,train,9.50067561998838E-4,67.29936591034651,0.7043888967684723
145.0,145.0,train,0.0010097418021534383,82.81297757164666,0.7261728946851941
146.0,146.0,train,0.0010411393651585043,91.83720110067391,0.736982306592211
147.0,147.0,train,0.001000804345899003,80.18641350372172,0.723015503963643
148.0,148.0,train,9.706676124331063E-4,73.53006147845176,0.7120981023485331
149.0,149.0,train,9.323022623139679E-4,53.73608681218421,0.697574973428623
150.0,150.0,train,0.001119136270012135,98.79967085062559,0.762023996583848
151.0,151.0,train,7.454038008166238E-4,19.539149598576852,0.6156399906673427
152.0,152.0,train,8.937727675546402E-4,40.496294555438226,0.6822523319929391
153.0,153.0,train,9.019676076209126E-4,47.00441450039584,0.685575010088371
154.0,154.0,train,9.019676076209126E-4,47.00441450039584,0.685575010088371
155.0,155.0,train,8.987975462139694E-4,45.292065964260715,0.6842938183847624
156.0,156.0,train,8.987975462139694E-4,45.292065964260715,0.6842938183847624
157.0,157.0,train,8.987975462139694E-4,45.292065964260715,0.6842938183847624
158.0,158.0,train,9.499796313508135E-4,66.25566486609952,0.7043555517024156
159.0,159.0,train,0.0010097418021534383,82.81297757164666,0.7261728946851941
160.0,160.0,train,0.0010411393651585043,91.83720110067391,0.736982306592211
161.0,161.0,train,0.0010166777157858532,86.45862033782744,0.7285983631414692
162.0,162.0,train,9.706676124331063E-4,73.53006147845176,0.7120981023485331
163.0,163.0,train,0.0010411393651585043,91.83720110067391,0.736982306592211
164.0,164.0,train,9.019676076209126E-4,47.00441450039584,0.685575010088371
165.0,165.0,train,9.499796313508135E-4,66.25566486609952,0.7043555517024156
166.0,166.0,train,9.59106009746448E-4,71.74853603169966,0.7077964720228123
167.0,167.0,train,0.0010411393651585043,91.83720110067391,0.736982306592211
168.0,168.0,train,0.0010411393651585043,91.83720110067391,0.736982306592211
169.0,169.0,train,0.0010411393651585043,91.83720110067391,0.736982306592211
170.0,170.0,train,0.0010411393651585043,91.83720110067391,0.736982306592211
171.0,171.0,train,9.706676124331063E-4,73.53006147845176,0.7120981023485331
172.0,172.0,train,8.616927061709113E-4,34.82968482292053,0.668903904023761
173.0,173.0,train,8.851937593425139E-4,38.765800934212464,0.6787362630080511
174.0,174.0,train,8.983483023324519E-4,44.574332974434064,0.6841118330166369
175.0,175.0,train,8.587300477760766E-4,34.57153074201426,0.6676432171933832
176.0,176.0,train,9.579480729445282E-4,71.37311662138106,0.7073621228825075
177.0,177.0,train,3.39953069450804E-4,6.091806609240618,0.353433268223837
178.0,178.0,train,9.494203094718819E-4,66.0659548762275,0.7041433575476739
179.0,179.0,train,0.0010260460631846097,88.23005276478654,0.7318403750015608
180.0,180.0,train,9.778829798325057E-4,76.80871181158014,0.7147505130571197
181.0,181.0,train,9.436648585737972E-4,63.09023835717841,0.7019510024059132
182.0,182.0,train,0.0010063456593808293,80.89630993259387,0.7249773803698758
183.0,183.0,train,0.0010166777157858532,86.45862033782744,0.7285983631414692
184.0,184.0,train,9.408456575248483E-4,56.53037136081158,0.7008711974737388
185.0,185.0,train,0.0010411393651585043,91.83720110067391,0.736982306592211
186.0,186.0,train,7.454038008166238E-4,19.539149598576852,0.6156399906673427
187.0,187.0,train,9.706676124331063E-4,73.53006147845176,0.7120981023485331
188.0,188.0,train,9.764295039791838E-4,76.54163925519781,0.7142181796862068
189.0,189.0,train,8.323006052237153E-4,27.763738232338397,0.6561822493151415
190.0,190.0,train,0.0010063456593808293,80.89630993259387,0.7249773803698758
191.0,191.0,train,9.126555371523087E-4,49.364424042323186,0.6898563825161564
192.0,192.0,train,6.548782898336068E-4,13.854847372457336,0.5683123390528853
193.0,193.0,train,8.840302065483168E-4,38.63196733438489,0.6782563991746751
194.0,194.0,train,9.727142522666159E-4,76.05493792219572,0.7128529547824144
195.0,195.0,train,0.0010432520216893352,92.17889227772534,0.7376941288937544
196.0,196.0,train,0.0010589860539664071,94.1480713376023,0.7429351849602839
197.0,197.0,train,0.0010155625024134735,84.83888807516254,0.7282098307944129
198.0,198.0,train,9.706676124331063E-4,73.53006147845176,0.7120981023485331
199.0,199.0,train,9.706676124331063E-4,73.53006147845176,0.7120981023485331
200.0,200.0,train,9.480582830472104E-4,65.87601375444432,0.7036259981099977
201.0,201.0,train,0.001025617710888568,88.09530949944171,0.7316929877623644
202.0,202.0,train,0.0010097418021534383,82.81297757164666,0.7261728946851941
203.0,203.0,train,9.42214912828027E-4,57.28404272278853,0.7013961347205637
204.0,204.0,train,9.854657709446493E-4,78.01381057305707,0.7175116603609024
205.0,205.0,train,9.010872883071096E-4,46.19332307010457,0.6852197482218809
206.0,206.0,train,8.464504469729618E-4,29.273195771084957,0.6623665486007209
207.0,207.0,train,8.983483023324519E-4,44.574332974434064,0.6841118330166369
208.0,208.0,train,9.499796313508135E-4,66.25566486609952,0.7043555517024156
209.0,209.0,train,9.408456575248483E-4,56.53037136081158,0.7008711974737388
210.0,210.0,train,6.856998060757517E-4,15.246230673976664,0.5850468380604255
211.0,211.0,train,5.754250958970836E-4,11.868604224534375,0.5219946836286455
212.0,212.0,train,9.408456575248483E-4,56.53037136081158,0.7008711974737388
213.0,213.0,train,9.854657709446493E-4,78.01381057305707,0.7175116603609024
214.0,214.0,train,7.599409846033621E-4,21.048180934500063,0.6227410237349524
215.0,215.0,train,8.464504469729618E-4,29.273195771084957,0.6623665486007209
216.0,216.0,train,9.706676124331063E-4,73.53006147845176,0.7120981023485331
217.0,217.0,train,9.436648585737972E-4,63.09023835717841,0.7019510024059132
218.0,218.0,train,9.087454694726309E-4,48.27273671944227,0.6882968918011529
219.0,219.0,train,9.087454694726309E-4,48.27273671944227,0.6882968918011529
220.0,220.0,train,0.0010097418021534383,82.81297757164666,0.7261728946851941
221.0,221.0,train,9.087454694726309E-4,48.27273671944227,0.6882968918011529
222.0,222.0,train,8.482654493685384E-4,29.559508745345134,0.6631517178388042
223.0,223.0,train,8.211494705656844E-4,24.54062271351801,0.651228850918832
224.0,224.0,train,6.133154613135417E-4,12.680347985438909,0.5446722291499018
225.0,225.0,train,7.751050948499999E-4,21.708119619777147,0.6300085314087953
226.0,226.0,train,8.482654493685384E-4,29.559508745345134,0.6631517178388042
227.0,227.0,train,0.0010177653207923626,86.96803011155988,0.728976741961368
228.0,228.0,train,8.569285439493548E-4,32.145069508648554,0.6668742855906565
229.0,229.0,train,0.0010561342011545939,93.51528825013483,0.7419930558157954
230.0,230.0,train,0.0010166777157858532,86.45862033782744,0.7285983631414692
231.0,231.0,train,9.586424773611683E-4,71.50557101350961,0.707622675640266
232.0,232.0,train,9.523331972923007E-4,67.85603488763839,0.7052467754599603
233.0,233.0,train,0.0010411393651585043,91.83720110067391,0.736982306592211
234.0,234.0,train,9.320352990401424E-4,53.532880684281324,0.6974713901426174
235.0,235.0,train,0.0010063456593808293,80.89630993259387,0.7249773803698758
236.0,236.0,train,9.392700340160036E-4,55.684893660857576,0.7002660019343825
237.0,237.0,train,0.0010411393651585043,91.83720110067391,0.736982306592211
238.0,238.0,train,2.706639835046612E-4,5.095411140358885,0.2933342253407609
239.0,239.0,train,0.0010097418021534383,82.81297757164666,0.7261728946851941
240.0,240.0,train,8.247152101477457E-4,25.280611354371235,0.6528204856057629
241.0,241.0,train,0.0010411393651585043,91.83720110067391,0.736982306592211
242.0,242.0,train,6.209744066358149E-4,12.932458731813274,0.549123741085315
243.0,243.0,train,6.416395796779168E-4,13.574919793269274,0.5609187685267358
244.0,244.0,train,9.706676124331063E-4,73.53006147845176,0.7120981023485331
245.0,245.0,train,0.0010411393651585043,91.83720110067391,0.736982306592211
246.0,246.0,train,8.826446717529225E-4,38.23538730595478,0.6776840521584275
247.0,247.0,train,9.024348947257356E-4,47.19060196018732,0.685763425650138
248.0,248.0,train,6.722564335909805E-4,14.429235344748996,0.5778290621912923
249.0,249.0,train,9.42214912828027E-4,57.28404272278853,0.7013961347205637
250.0,250.0,train,9.42214912828027E-4,57.28404272278853,0.7013961347205637
251.0,251.0,train,6.305715015520529E-4,13.25743354797429,0.5546403566403001
252.0,252.0,train,0.0010097418021534383,82.81297757164666,0.7261728946851941
253.0,253.0,train,6.769414524817996E-4,14.771939549121827,0.5803586013235905
254.0,254.0,train,9.39582319209388E-4,55.77898249006375,0.7003860476014282
255.0,255.0,train,8.372013714024865E-4,28.515668270146612,0.658336885580997
256.0,256.0,train,9.320352990401424E-4,53.532880684281324,0.6974713901426174
257.0,257.0,train,5.739980541134149E-4,11.792518690058474,0.521118867276066
258.0,258.0,train,4.199326291741844E-4,8.04189141174681,0.41647827918336744
259.0,259.0,train,9.706676124331063E-4,73.53006147845176,0.7120981023485331
260.0,260.0,train,9.542255900319063E-4,68.06212620936185,0.7059614180499446
261.0,261.0,train,0.0010170739458161572,86.56594012548793,0.728736273078026
262.0,262.0,train,8.918715740484064E-4,40.01017086894843,0.6814764700516945
263.0,263.0,train,9.28351830464089E-4,51.11481974156169,0.6960385560005398
264.0,264.0,train,9.28351830464089E-4,51.11481974156169,0.6960385560005398
265.0,265.0,train,7.347838259610812E-4,17.310737130028716,0.6103680648570509
266.0,266.0,train,6.430812372887813E-4,13.611447662651237,0.5617300126547013
267.0,267.0,train,0.0010063456593808293,80.89630993259387,0.7249773803698758
268.0,268.0,train,6.2806641838511E-4,13.16930659712287,0.553206924772377
269.0,269.0,train,9.345996998551449E-4,54.559138258320715,0.6984649277654562
270.0,270.0,train,5.185334410956671E-4,10.17812460280937,0.4858061650191048
271.0,271.0,train,0.0011790650143339262,99.6084769819365,0.7796327376051486
272.0,272.0,train,0.0010381721521863364,88.82073023619417,0.7359792936642326
273.0,273.0,train,9.39582319209388E-4,55.77898249006375,0.7003860476014282
274.0,274.0,train,8.200805925030349E-4,24.29399800330524,0.6507503171865373
275.0,275.0,train,3.5826878329459544E-4,6.420134165022135,0.3684470969293502
276.0,276.0,train,9.04463535957608E-4,47.58581006568947,0.686580089066039
277.0,277.0,train,6.219327818446024E-4,12.961210704921667,0.5496776930223827
278.0,278.0,train,9.480582830472104E-4,65.87601375444432,0.7036259981099977
279.0,279.0,train,9.188649441405491E-4,49.94871962371803,0.6923169233453633
280.0,280.0,train,9.515997596929377E-4,67.77613169291807,0.7049693335141716
281.0,281.0,train,2.3758137927055E-4,4.717065005561848,0.2626999572291573
282.0,282.0,train,9.382780893903964E-4,55.17822300827384,0.6998843690040804
283.0,283.0,train,8.688553282038337E-4,35.52487650250482,0.671932062215767
284.0,284.0,train,8.738011192200156E-4,36.57551255463211,0.6740068262453904
285.0,285.0,train,8.349113513318041E-4,28.01405809993269,0.6573317572968853
286.0,286.0,train,9.408456575248483E-4,56.53037136081158,0.7008711974737388
287.0,287.0,train,8.744083895583321E-4,37.09130723326775,0.6742606705973258
288.0,288.0,train,0.0010468862880383199,92.5679011586059,0.7389141263128745
289.0,289.0,train,9.126555371523087E-4,49.364424042323186,0.6898563825161564
290.0,290.0,train,5.616429906824266E-4,11.215109974233279,0.5134688079129366
291.0,291.0,train,6.874780697679011E-4,15.317737492248792,0.5859923044059225
292.0,292.0,train,5.384926009956627E-4,10.45020680111964,0.4988038937531245
293.0,293.0,train,9.964810128758822E-4,79.98533722863048,0.7214751340165743
294.0,294.0,train,8.343137052416191E-4,27.956707804983033,0.6570689541889855
295.0,295.0,train,4.674060319668609E-4,9.02782684880069,0.45095269650033776
296.0,296.0,train,8.737795351243923E-4,36.566658804912805,0.6739978002637125
297.0,297.0,train,9.42214912828027E-4,57.28404272278853,0.7013961347205637
298.0,298.0,train,7.008373149086657E-4,15.802897735087283,0.5930265985723292
299.0,299.0,train,9.778829798325057E-4,76.80871181158014,0.7147505130571197
300.0,300.0,train,8.312277062667908E-4,27.597301755497064,0.6557087361272649
301.0,301.0,train,8.263137617401005E-4,26.49138071524391,0.6535316690271228
302.0,302.0,train,9.159989612737434E-4,49.76190689404622,0.6911836835126433
303.0,303.0,train,7.008373149086657E-4,15.802897735087283,0.5930265985723292
304.0,304.0,train,9.576364036277162E-4,71.31373864252154,0.7072451035874925
305.0,305.0,train,4.536008180515596E-4,8.651272479952215,0.4411431242788769
306.0,306.0,train,5.945411848608007E-4,12.269784129903893,0.5335734947876145
307.0,307.0,train,9.320352990401424E-4,53.532880684281324,0.6974713901426174
308.0,308.0,train,6.671680776878045E-4,14.068483380318106,0.5750644767934081
309.0,309.0,train,0.0010589860539664071,94.1480713376023,0.7429351849602839
310.0,310.0,train,9.010872883071096E-4,46.19332307010457,0.6852197482218809
311.0,311.0,train,7.531782381135652E-4,20.44172683133002,0.6194540678508165
312.0,312.0,train,7.531782381135652E-4,20.44172683133002,0.6194540678508165
313.0,313.0,train,9.405369218326629E-4,56.21584038166774,0.7007527087160619
314.0,314.0,train,9.480582830472104E-4,65.87601375444432,0.7036259981099977
315.0,315.0,train,9.930602585338682E-4,79.63558379066869,0.7202502777536085
316.0,316.0,train,9.214992640474564E-4,50.22713896051704,0.6933548929063036
317.0,317.0,train,7.531782381135652E-4,20.44172683133002,0.6194540678508165
318.0,318.0,train,7.531782381135652E-4,20.44172683133002,0.6194540678508165
319.0,319.0,train,9.392700340160036E-4,55.684893660857576,0.7002660019343825
320.0,320.0,train,0.0010458052135974485,92.35901359823903,0.7385518113972012
321.0,321.0,train,8.209132615950169E-4,24.48597874978705,0.651123157289897
322.0,322.0,train,8.392302982237202E-4,28.66594740777125,0.6592249521473387
323.0,323.0,train,9.499796313508135E-4,66.25566486609952,0.7043555517024156
324.0,324.0,train,9.290148129033486E-4,52.12325635536092,0.6962969497105644
325.0,325.0,train,9.926546458013388E-4,79.29881453764897,0.7201046848176444
326.0,326.0,train,9.507570184903603E-4,67.58594682379555,0.7046502221826784
327.0,327.0,train,5.049997584442823E-4,9.91059246424499,0.4768015704455829
328.0,328.0,train,0.0010097418021534383,82.81297757164666,0.7261728946851941
329.0,329.0,train,9.32468387564565E-4,53.86253742255084,0.6976394130791377
330.0,330.0,train,9.290148129033486E-4,52.12325635536092,0.6962969497105644
331.0,331.0,train,4.452601688815579E-4,8.394992016428496,0.435131776285007
332.0,332.0,train,5.049997584442823E-4,9.91059246424499,0.4768015704455829
333.0,333.0,train,9.092799159737837E-4,48.635912230181006,0.6885105121320482
334.0,334.0,train,9.310696368852304E-4,52.699393538667884,0.6970964113146695
335.0,335.0,train,7.751050948499999E-4,21.708119619777147,0.6300085314087953
336.0,336.0,train,9.463980456765918E-4,65.02274531811092,0.7029941409650525
337.0,337.0,train,0.0010063456593808293,80.89630993259387,0.7249773803698758
338.0,338.0,train,6.747461441799777E-4,14.640991962370597,0.5791752013336975
339.0,339.0,train,8.831720603602323E-4,38.53326206368086,0.6779020296830494
340.0,340.0,train,8.58919314132087E-4,34.58802264748251,0.6677238982024354
341.0,341.0,train,6.920309789417219E-4,15.732794196264914,0.5884031860252295
342.0,342.0,train,6.695400013024607E-4,14.182718820042016,0.5763554263789143
343.0,343.0,train,6.920309789417219E-4,15.732794196264914,0.5884031860252295
344.0,344.0,train,7.192227712650487E-4,16.581873390204645,0.6025124286747121
345.0,345.0,train,7.966462716141819E-4,23.00470671745499,0.6400922511698901
346.0,346.0,train,7.966462716141819E-4,23.00470671745499,0.6400922511698901
347.0,347.0,train,7.966462716141819E-4,23.00470671745499,0.6400922511698901
348.0,348.0,train,7.966462716141819E-4,23.00470671745499,0.6400922511698901
349.0,349.0,train,9.39582319209388E-4,55.77898249006375,0.7003860476014282
350.0,350.0,train,9.507570184903603E-4,67.58594682379555,0.7046502221826784
351.0,351.0,train,9.010872883071096E-4,46.19332307010457,0.6852197482218809
352.0,352.0,train,8.828880354687872E-4,38.50059309167347,0.6777846563113036
353.0,353.0,train,9.57363175320765E-4,71.12228476838874,0.7071424788543252
354.0,354.0,train,9.790911219974521E-4,77.03074184949665,0.7151922385909002
355.0,355.0,train,1.5283520968227397E-4,3.0557767140347467,0.1780298457520374
356.0,356.0,train,9.493358427285095E-4,66.05411759452204,0.7041112995291352
357.0,357.0,train,6.309762045024874E-4,13.269447790760026,0.5548714995518972
358.0,358.0,train,9.092799159737837E-4,48.635912230181006,0.6885105121320482
359.0,359.0,train,9.315405518753713E-4,52.88010586141528,0.6972793315876323
360.0,360.0,train,0.0012879297967424235,99.86581069864219,0.8083543819462828
361.0,361.0,train,7.843195911198212E-4,22.03715232747761,0.6343560878430471
362.0,362.0,train,7.843195911198212E-4,22.03715232747761,0.6343560878430471
363.0,363.0,train,9.926546458013388E-4,79.29881453764897,0.7201046848176444
364.0,364.0,train,9.733073246911199E-4,76.34670761192154,0.7130713247790139
365.0,365.0,train,4.542786391665615E-4,8.669541892130683,0.441628829724553
366.0,366.0,train,7.251788272803831E-4,16.848950368775593,0.6055377423294219
367.0,367.0,train,5.502364657856772E-4,10.864496914123224,0.5062976174780957
368.0,368.0,train,9.727142522666159E-4,76.05493792219572,0.7128529547824144
369.0,369.0,train,0.0010411393651585043,91.83720110067391,0.736982306592211
370.0,370.0,train,9.88376364409353E-4,78.71273290269015,0.7185643919632865
371.0,371.0,train,0.0010166777157858532,86.45862033782744,0.7285983631414692
372.0,372.0,train,9.010872883071096E-4,46.19332307010457,0.6852197482218809
373.0,373.0,train,0.0010571070485961042,93.68393528750765,0.7423148300402753
374.0,374.0,train,9.320352990401424E-4,53.532880684281324,0.6974713901426174
375.0,375.0,train,9.687909728331274E-4,73.23925009997718,0.7114042064568249
376.0,376.0,train,9.839513733596375E-4,77.81682816205101,0.7169623618668816
377.0,377.0,train,4.947410388741575E-4,9.630924213708306,0.46987104209267827
378.0,378.0,train,9.87172041548856E-4,78.3097606960043,0.7181292774664505
379.0,379.0,train,9.392700340160036E-4,55.684893660857576,0.7002660019343825
380.0,380.0,train,8.705676986537213E-4,36.32752999221011,0.6726518934642507
381.0,381.0,train,6.785143270123092E-4,14.886894785767637,0.5812044261553064
382.0,382.0,train,7.98060178054149E-4,23.397684959803957,0.6407444261911386
383.0,383.0,train,7.98060178054149E-4,23.397684959803957,0.6407444261911386
384.0,384.0,train,6.138333971611446E-4,12.702272707625626,0.5449746431693642
385.0,385.0,train,8.828880354687872E-4,38.50059309167347,0.6777846563113036
386.0,386.0,train,8.986589219659097E-4,45.07059339642913,0.6842376739161165
387.0,387.0,train,9.412035636408825E-4,57.001393579560116,0.7010084984846512
388.0,388.0,train,8.986589219659097E-4,45.07059339642913,0.6842376739161165
389.0,389.0,train,7.217671201612403E-4,16.6840378805869,0.6038076314297518
390.0,390.0,train,8.489305351585724E-4,29.642994099665685,0.663438976302503
391.0,391.0,train,7.98060178054149E-4,23.397684959803957,0.6407444261911386
392.0,392.0,train,4.075451304685383E-4,7.792394973424697,0.4071319342148817
393.0,393.0,train,0.001025617710888568,88.09530949944171,0.7316929877623644
394.0,394.0,train,4.075451304685383E-4,7.792394973424697,0.4071319342148817
395.0,395.0,train,0.0011566554000508886,99.31272279159677,0.7732060877003332
396.0,396.0,train,8.758945555887676E-4,37.26627953167989,0.6748810676101659
397.0,397.0,train,9.499796313508135E-4,66.25566486609952,0.7043555517024156
398.0,398.0,train,0.0010411393651585043,91.83720110067391,0.736982306592211
399.0,399.0,train,8.986589219659097E-4,45.07059339642913,0.6842376739161165
400.0,400.0,train,9.916427956745224E-4,79.23460565960914,0.7197411552229076
401.0,401.0,train,0.0010411393651585043,91.83720110067391,0.736982306592211
402.0,402.0,train,8.872126417290968E-4,39.03165121049378,0.6795671779411367
403.0,403.0,train,5.945411848608007E-4,12.269784129903893,0.5335734947876145
404.0,404.0,train,4.075451304685383E-4,7.792394973424697,0.4071319342148817
405.0,405.0,train,8.226167641119745E-4,25.03343227287829,0.6518846865146734
406.0,406.0,train,8.180003964896964E-4,24.048294677566055,0.6498171361243272
407.0,407.0,train,0.0010063456593808293,80.89630993259387,0.7249773803698758
408.0,408.0,train,6.874780697679011E-4,15.317737492248792,0.5859923044059225
409.0,409.0,train,9.308131342432155E-4,52.60096136046201,0.6969967299936763
410.0,410.0,train,0.0010411393651585043,91.83720110067391,0.736982306592211
411.0,411.0,train,0.0010411393651585043,91.83720110067391,0.736982306592211
412.0,412.0,train,0.0010411393651585043,91.83720110067391,0.736982306592211
413.0,413.0,train,0.001152468881128264,99.25740007393024,0.771984858461904
414.0,414.0,train,8.986589219659097E-4,45.07059339642913,0.6842376739161165
415.0,415.0,train,0.0010411393651585043,91.83720110067391,0.736982306592211
416.0,416.0,train,8.986589219659097E-4,45.07059339642913,0.6842376739161165
417.0,417.0,train,9.706676124331063E-4,73.53006147845176,0.7120981023485331
418.0,418.0,train,9.499796313508135E-4,66.25566486609952,0.7043555517024156
419.0,419.0,train,7.95194350425659E-4,22.903509797578497,0.6394213094370493
420.0,420.0,train,2.1407686663897277E-4,4.017325877920455,0.2401313284762765
421.0,421.0,train,8.518154175022461E-4,31.740565435396977,0.6646821581713205
422.0,422.0,train,8.226167641119745E-4,25.03343227287829,0.6518846865146734
423.0,423.0,train,0.0011748538250367707,99.55289918995771,0.7784391028366625
424.0,424.0,train,0.0010411393651585043,91.83720110067391,0.736982306592211
425.0,425.0,train,0.0010413693018411158,92.045488132233,0.7370598732809501
426.0,426.0,train,8.939147889415323E-4,40.54619871925186,0.6823102138737962
427.0,427.0,train,0.0010166777157858532,86.45862033782744,0.7285983631414692
428.0,428.0,train,9.047660608492889E-4,47.63750919049945,0.6867016935263988
429.0,429.0,train,9.047660608492889E-4,47.63750919049945,0.6867016935263988
430.0,430.0,train,9.57363175320765E-4,71.12228476838874,0.7071424788543252
431.0,431.0,train,7.072164977146892E-4,16.145856940045196,0.5963432623542331
432.0,432.0,train,9.88376364409353E-4,78.71273290269015,0.7185643919632865
433.0,433.0,train,0.001015372126947346,84.7628081412504,0.7281434497889306
434.0,434.0,train,6.133434966339859E-4,12.681534747496409,0.544688603645368
435.0,435.0,train,6.785143270123092E-4,14.886894785767637,0.5812044261553064
436.0,436.0,train,4.093653868950273E-4,7.862922788757835,0.4085146399797729
437.0,437.0,train,8.939147889415323E-4,40.54619871925186,0.6823102138737962
438.0,438.0,train,7.725305292758523E-4,21.508367256639637,0.6287845943667829
439.0,439.0,train,7.273732121787395E-4,17.033030220479173,0.6066465423775549
440.0,440.0,train,9.88376364409353E-4,78.71273290269015,0.7185643919632865
441.0,441.0,train,9.454126386879767E-4,64.83005964555994,0.7026184755279105
442.0,442.0,train,0.0010063456593808293,80.89630993259387,0.7249773803698758
443.0,443.0,train,0.0010063456593808293,80.89630993259387,0.7249773803698758
444.0,444.0,train,8.692230857972339E-4,35.98569304284458,0.6720867902742644
445.0,445.0,train,0.0010048535449918086,80.29641893167121,0.7244504753963867
446.0,446.0,train,9.164856698774293E-4,49.79319437012583,0.6913764270255369
447.0,447.0,train,4.480917370911933E-4,8.502782488742259,0.43717978478895814
448.0,448.0,train,6.82442645283883E-4,15.115261556773813,0.5833094695660149
449.0,449.0,train,9.32468387564565E-4,53.86253742255084,0.6976394130791377
450.0,450.0,train,0.0010646691996465643,94.57349665950194,0.744802404705476
451.0,451.0,train,1.9628186284232347E-4,3.7583037819205067,0.22258650945047087
452.0,452.0,train,7.347838259610812E-4,17.310737130028716,0.6103680648570509
453.0,453.0,train,0.0010579560274402555,93.83110920270656,0.7425953061700861
454.0,454.0,train,0.0010579560274402555,93.83110920270656,0.7425953061700861
455.0,455.0,train,9.39582319209388E-4,55.77898249006375,0.7003860476014282
456.0,456.0,train,0.0010202173460990588,87.58189255367841,0.729827869719371
457.0,457.0,train,0.0010411393651585043,91.83720110067391,0.736982306592211
458.0,458.0,train,8.791467450197614E-4,37.44907673615246,0.6762345686398785
459.0,459.0,train,9.024348947257356E-4,47.19060196018732,0.685763425650138
460.0,460.0,train,9.219394287133264E-4,50.282447522801256,0.6935279839862842
461.0,461.0,train,4.5688918985671296E-4,8.739904448733881,0.4434955284409867
462.0,462.0,train,9.057357061594479E-4,47.81849316375911,0.6870911392653969
463.0,463.0,train,9.494203094718819E-4,66.0659548762275,0.7041433575476739
464.0,464.0,train,9.392700340160036E-4,55.684893660857576,0.7002660019343825
465.0,465.0,train,9.392700340160036E-4,55.684893660857576,0.7002660019343825
466.0,466.0,train,8.928948247089754E-4,40.224339134334116,0.6818942856342913
467.0,467.0,train,9.549871953484569E-4,68.58018002314648,0.7062485412152208
468.0,468.0,train,5.930343061194819E-4,12.223462637162346,0.5326710359409319
469.0,469.0,train,0.0010521320544064764,93.30948128163402,0.7406650935192602
470.0,470.0,train,8.422697753095759E-4,29.03001618825881,0.6605510218973663
471.0,471.0,train,7.593651534477439E-4,20.820285263740267,0.6224622568255012
472.0,472.0,train,3.173417435797497E-4,5.77827138656344,0.3344050105079487
473.0,473.0,train,0.0010072301848913267,82.30706596247252,0.725289253881616
474.0,474.0,train,8.558296237874577E-4,31.826131478726346,0.6664043627977794
475.0,475.0,train,8.621983252709494E-4,35.00212274599937,0.6691185796667852
476.0,476.0,train,4.662982715560274E-4,9.00859646113099,0.4501719495844516
477.0,477.0,train,8.363450299792326E-4,28.43192355608582,0.6579613685186042
478.0,478.0,train,0.0010166777157858532,86.45862033782744,0.7285983631414692
479.0,479.0,train,4.445710996354667E-4,8.368760933864314,0.4346322618559614
480.0,480.0,train,0.001049574748209343,92.95739133789185,0.7398129704783728
481.0,481.0,train,8.702642786088723E-4,36.30493965308871,0.6725244596465119
482.0,482.0,train,5.856645881264297E-4,12.015959810479593,0.5282321490363127
483.0,483.0,train,9.874287414412858E-4,78.39511964795814,0.7182220779473925
484.0,484.0,train,3.9171444821084163E-4,7.247830094091528,0.3949694907735515
485.0,485.0,train,8.939147889415323E-4,40.54619871925186,0.6823102138737962
486.0,486.0,train,9.010872883071096E-4,46.19332307010457,0.6852197482218809
487.0,487.0,train,7.436087949214364E-4,19.464534711956215,0.6147539569702508
488.0,488.0,train,0.001049574748209343,92.95739133789185,0.7398129704783728
489.0,489.0,train,4.445710996354667E-4,8.368760933864314,0.4346322618559614
490.0,490.0,train,4.445710996354667E-4,8.368760933864314,0.4346322618559614
491.0,491.0,train,9.126555371523087E-4,49.364424042323186,0.6898563825161564
492.0,492.0,train,8.413470625266526E-4,28.893290880436773,0.6601490051355778
493.0,493.0,train,8.558296237874577E-4,31.826131478726346,0.6664043627977794
494.0,494.0,train,7.968182848615209E-4,23.322896344775263,0.640171656791824
495.0,495.0,train,3.0573022738194437E-4,5.633526676083301,0.3244168978776383
496.0,496.0,train,0.0010596172974551266,94.46568350539002,0.7431432551208872
497.0,497.0,train,7.436087949214364E-4,19.464534711956215,0.6147539569702508
498.0,498.0,train,7.436087949214364E-4,19.464534711956215,0.6147539569702508
499.0,499.0,train,9.331080599933615E-4,54.081446402343545,0.697887412528917
500.0,500.0,train,9.331080599933615E-4,54.081446402343545,0.697887412528917
501.0,501.0,train,0.0011258592004493018,98.85020271974683,0.764067458473893
502.0,502.0,train,0.0010731202201940719,95.03897612241593,0.7475539706023394
503.0,503.0,train,9.124397654814325E-4,49.33947967931068,0.689770527939737
504.0,504.0,train,0.0010048535449918086,80.29641893167121,0.7244504753963867
505.0,505.0,train,9.542255900319063E-4,68.06212620936185,0.7059614180499446
506.0,506.0,train,7.269745921455438E-4,17.018069122716575,0.60644535570608
507.0,507.0,train,0.0010664927696353067,94.67925611839046,0.7453986668444577
508.0,508.0,train,9.778829798325057E-4,76.80871181158014,0.7147505130571197
509.0,509.0,train,9.558328574332925E-4,68.82597155801177,0.7065670250750697
510.0,510.0,train,3.5925345914742095E-4,6.446536343742191,0.3692443107988709
511.0,511.0,train,8.983483023324519E-4,44.574332974434064,0.6841118330166369
512.0,512.0,train,8.422697753095759E-4,29.03001618825881,0.6605510218973663
513.0,513.0,train,3.0291962520420543E-4,5.5984907865783144,0.32197679940485147
514.0,514.0,train,9.542255900319063E-4,68.06212620936185,0.7059614180499446
515.0,515.0,train,0.0013418882127174082,99.99999555534944,0.8211706277174767
516.0,516.0,train,8.581135125598653E-4,32.25439016464401,0.6673802629075245
517.0,517.0,train,8.944214889980411E-4,40.82415426651051,0.6825166373774654
518.0,518.0,train,8.944214889980411E-4,40.82415426651051,0.6825166373774654
519.0,519.0,train,8.944214889980411E-4,40.82415426651051,0.6825166373774654
520.0,520.0,train,9.28351830464089E-4,51.11481974156169,0.6960385560005398
521.0,521.0,train,5.922363468606666E-4,12.198931939097548,0.5321924369498459
522.0,522.0,train,9.430324243090962E-4,57.857631056117924,0.7017091082893891
523.0,523.0,train,0.0010411393651585043,91.83720110067391,0.736982306592211
524.0,524.0,train,8.56255059456139E-4,32.08293641419519,0.6665863671757386
525.0,525.0,train,7.548659041375523E-4,20.51719848607507,0.6202770106557807
526.0,526.0,train,5.474347048768118E-4,10.784228223917214,0.5045200625620412
527.0,527.0,train,6.671680776878045E-4,14.068483380318106,0.5750644767934081
528.0,528.0,train,9.679025688952468E-4,73.02783262055623,0.7110751321074276
529.0,529.0,train,8.209132615950169E-4,24.48597874978705,0.651123157289897
530.0,530.0,train,0.0010411393651585043,91.83720110067391,0.736982306592211
531.0,531.0,train,0.0010097314530286442,82.80966066426208,0.726169259479291
532.0,532.0,train,8.944214889980411E-4,40.82415426651051,0.6825166373774654
533.0,533.0,train,8.581135125598653E-4,32.25439016464401,0.6673802629075245
534.0,534.0,train,7.921906232138651E-4,22.52753520462218,0.6380292955411995
535.0,535.0,train,8.581135125598653E-4,32.25439016464401,0.6673802629075245
536.0,536.0,train,3.624824810303601E-4,6.533112634384202,0.3718515393880425
537.0,537.0,train,9.480582830472104E-4,65.87601375444432,0.7036259981099977
538.0,538.0,train,9.227168782227807E-4,50.54229437469548,0.6938334708591175
539.0,539.0,train,0.0010063456593808293,80.89630993259387,0.7249773803698758
540.0,540.0,train,7.112949121300616E-4,16.327779741615956,0.5984495325972818
541.0,541.0,train,8.733978203197496E-4,36.53823923596564,0.6738381344502598
542.0,542.0,train,6.920309789417219E-4,15.732794196264914,0.5884031860252295
543.0,543.0,train,8.986589219659097E-4,45.07059339642913,0.6842376739161165
544.0,544.0,train,2.9359124295476547E-4,5.451083506598956,0.3138147737235535
545.0,545.0,train,7.932032304630831E-4,22.765395748073296,0.6384991663865295
546.0,546.0,train,9.88376364409353E-4,78.71273290269015,0.7185643919632865
547.0,547.0,train,6.305715015520529E-4,13.25743354797429,0.5546403566403001
548.0,548.0,train,9.480582830472104E-4,65.87601375444432,0.7036259981099977
549.0,549.0,train,9.480582830472104E-4,65.87601375444432,0.7036259981099977
550.0,550.0,train,5.293589296597483E-4,10.320810602106475,0.4928971817920288
551.0,551.0,train,0.0010432520216893352,92.17889227772534,0.7376941288937544
552.0,552.0,train,4.908590852570769E-4,9.553174656470038,0.46722461640890955
553.0,553.0,train,9.480582830472104E-4,65.87601375444432,0.7036259981099977
554.0,554.0,train,8.581135125598653E-4,32.25439016464401,0.6673802629075245
555.0,555.0,train,7.921906232138651E-4,22.52753520462218,0.6380292955411995
556.0,556.0,train,8.581135125598653E-4,32.25439016464401,0.6673802629075245
557.0,557.0,train,8.218423845347354E-4,24.951236451092658,0.6515387162197657
558.0,558.0,train,8.944214889980411E-4,40.82415426651051,0.6825166373774654
559.0,559.0,train,8.218423845347354E-4,24.951236451092658,0.6515387162197657
560.0,560.0,train,8.218423845347354E-4,24.951236451092658,0.6515387162197657
561.0,561.0,train,8.40601897993507E-4,28.767539455553624,0.6598239968930053
562.0,562.0,train,4.180015168400952E-4,8.01477232976172,0.41503101219451344
563.0,563.0,train,9.454126386879767E-4,64.83005964555994,0.7026184755279105
564.0,564.0,train,0.0010166777157858532,86.45862033782744,0.7285983631414692
565.0,565.0,train,8.944214889980411E-4,40.82415426651051,0.6825166373774654
566.0,566.0,train,8.944214889980411E-4,40.82415426651051,0.6825166373774654
567.0,567.0,train,8.944214889980411E-4,40.82415426651051,0.6825166373774654
568.0,568.0,train,8.581135125598653E-4,32.25439016464401,0.6673802629075245
569.0,569.0,train,8.581135125598653E-4,32.25439016464401,0.6673802629075245
570.0,570.0,train,8.218423845347354E-4,24.951236451092658,0.6515387162197657
571.0,571.0,train,8.581135125598653E-4,32.25439016464401,0.6673802629075245
572.0,572.0,train,8.944214889980411E-4,40.82415426651051,0.6825166373774654
573.0,573.0,train,5.710761449009316E-4,11.513848401589001,0.5193205982488882
574.0,574.0,train,8.034528235474501E-4,23.72243791777071,0.6432209939402016
575.0,575.0,train,8.944214889980411E-4,40.82415426651051,0.6825166373774654
576.0,576.0,train,9.59106009746448E-4,71.74853603169966,0.7077964720228123
577.0,577.0,train,6.49296035035204E-4,13.768914190331627,0.5652100574395811
578.0,578.0,train,8.581135125598653E-4,32.25439016464401,0.6673802629075245
579.0,579.0,train,8.581135125598653E-4,32.25439016464401,0.6673802629075245
580.0,580.0,train,9.679025688952468E-4,73.02783262055623,0.7110751321074276
581.0,581.0,train,5.277104357194884E-4,10.297456482813052,0.49182371474274433
582.0,582.0,train,5.868299478509774E-4,12.032730394528237,0.5289368580901701
583.0,583.0,train,4.8579671266207907E-4,9.397263200550617,0.4637536116608989
584.0,584.0,train,2.2193244091676159E-4,4.261506223745355,0.247749947082047
585.0,585.0,train,2.2193244091676159E-4,4.261506223745355,0.247749947082047
586.0,586.0,train,4.116624214734665E-4,7.903311672276806,0.41025491516585855
587.0,587.0,train,6.747913316351089E-4,14.643687216333182,0.5791995936303855
588.0,588.0,train,9.063951997056116E-4,47.88160343592935,0.6873557398481493
589.0,589.0,train,0.0010166777157858532,86.45862033782744,0.7285983631414692
590.0,590.0,train,6.719777393753638E-4,14.300123983922125,0.5776781098014343
591.0,591.0,train,0.0010912878496811438,98.12633765842112,0.7533691370280955
592.0,592.0,train,5.072234826447548E-4,10.017144332434777,0.47829187201878565
593.0,593.0,train,9.219394287133264E-4,50.282447522801256,0.6935279839862842
594.0,594.0,train,0.001049574748209343,92.95739133789185,0.7398129704783728
595.0,595.0,train,0.001025617710888568,88.09530949944171,0.7316929877623644
596.0,596.0,train,8.587300477760766E-4,34.57153074201426,0.6676432171933832
597.0,597.0,train,0.0010202173460990588,87.58189255367841,0.729827869719371
598.0,598.0,train,7.102791661156257E-4,16.297546820307502,0.5979259872546376
599.0,599.0,train,7.102791661156257E-4,16.297546820307502,0.5979259872546376
600.0,600.0,train,7.598419749191956E-4,21.00899604815849,0.6226931065926891
601.0,601.0,train,0.001049574748209343,92.95739133789185,0.7398129704783728
602.0,602.0,train,0.0010166777157858532,86.45862033782744,0.7285983631414692
603.0,603.0,train,9.42214912828027E-4,57.28404272278853,0.7013961347205637
604.0,604.0,train,8.084461419188817E-4,23.803296796653484,0.6454989454963892
605.0,605.0,train,5.739980541134149E-4,11.792518690058474,0.521118867276066
606.0,606.0,train,9.419598364201685E-4,57.21275283170382,0.7012984148589163
607.0,607.0,train,5.432706891441348E-4,10.536635029838395,0.501866404847223
608.0,608.0,train,7.911517137853933E-4,22.2901587917572,0.6375465852009164
609.0,609.0,train,0.0010086822542618272,82.6097711507225,0.7258004701636116
610.0,610.0,train,9.87765598811744E-4,78.50713290915614,0.7183438100887296
611.0,611.0,train,0.0010166777157858532,86.45862033782744,0.7285983631414692
612.0,612.0,train,8.616927061709113E-4,34.82968482292053,0.668903904023761
613.0,613.0,train,9.727142522666159E-4,76.05493792219572,0.7128529547824144
614.0,614.0,train,9.28351830464089E-4,51.11481974156169,0.6960385560005398
615.0,615.0,train,0.0010916308819575176,98.14167345896549,0.7534776378263196
616.0,616.0,train,9.679025688952468E-4,73.02783262055623,0.7110751321074276
617.0,617.0,train,8.983483023324519E-4,44.574332974434064,0.6841118330166369
618.0,618.0,train,8.270055417049176E-4,27.01534627874019,0.6538389848467752
619.0,619.0,train,0.0010141733401887005,84.44352998717851,0.7277250785950887
620.0,620.0,train,0.0010185790935737318,87.07249537143908,0.7292595092314857
621.0,621.0,train,7.598419749191956E-4,21.00899604815849,0.6226931065926891
622.0,622.0,train,9.864273217955986E-4,78.18058209056771,0.717859878222912
623.0,623.0,train,6.920309789417219E-4,15.732794196264914,0.5884031860252295
624.0,624.0,train,0.0010063456593808293,80.89630993259387,0.7249773803698758
625.0,625.0,train,7.102791661156257E-4,16.297546820307502,0.5979259872546376
626.0,626.0,train,9.040262606202137E-4,47.51108453563595,0.6864042362014359
627.0,627.0,train,8.510154471168621E-4,30.610834953864735,0.6643378879216997
628.0,628.0,train,7.347838259610812E-4,17.310737130028716,0.6103680648570509
629.0,629.0,train,7.322683689286683E-4,17.216472360727067,0.6091087962225997
630.0,630.0,train,9.28351830464089E-4,51.11481974156169,0.6960385560005398
631.0,631.0,train,8.87835574865595E-4,39.16219384752199,0.6798231255022991
632.0,632.0,train,0.0010048535449918086,80.29641893167121,0.7244504753963867
633.0,633.0,train,0.0010202173460990588,87.58189255367841,0.729827869719371
634.0,634.0,train,0.001049574748209343,92.95739133789185,0.7398129704783728
635.0,635.0,train,0.0010202173460990588,87.58189255367841,0.729827869719371
636.0,636.0,train,0.0010048535449918086,80.29641893167121,0.7244504753963867
637.0,637.0,train,0.0010166777157858532,86.45862033782744,0.7285983631414692
638.0,638.0,train,8.254451195381413E-4,25.833456774144228,0.6531453976541238
639.0,639.0,train,0.0010512402649303072,93.198567550142,0.7403682566634797
640.0,640.0,train,9.59106009746448E-4,71.74853603169966,0.7077964720228123
641.0,641.0,train,9.480582830472104E-4,65.87601375444432,0.7036259981099977
642.0,642.0,train,7.765276178208459E-4,21.818501317532398,0.6306830608188841
643.0,643.0,train,0.0010789925399474647,97.48234258249903,0.7494484488149491
644.0,644.0,train,0.0011494470833788197,99.02727186655422,0.771099300193818
645.0,645.0,train,0.0010789925399474647,97.48234258249903,0.7494484488149491
646.0,646.0,train,0.0011494470833788197,99.02727186655422,0.771099300193818
647.0,647.0,train,8.697548887993502E-4,36.16650277737619,0.6723104087307417
648.0,648.0,train,0.0010789925399474647,97.48234258249903,0.7494484488149491
649.0,649.0,train,0.0010789925399474647,97.48234258249903,0.7494484488149491
650.0,650.0,train,0.0010789925399474647,97.48234258249903,0.7494484488149491
651.0,651.0,train,0.0010789925399474647,97.48234258249903,0.7494484488149491
652.0,652.0,train,0.0010789925399474647,97.48234258249903,0.7494484488149491
653.0,653.0,train,0.0010789925399474647,97.48234258249903,0.7494484488149491
654.0,654.0,train,3.9684851919274597E-4,7.391175594771681,0.39894100310265046
655.0,655.0,train,3.9684851919274597E-4,7.391175594771681,0.39894100310265046
656.0,656.0,train,0.0010411393651585043,91.83720110067391,0.736982306592211
657.0,657.0,train,6.234160174287353E-4,13.005708972129863,0.5505336788659998
658.0,658.0,train,0.0010683503080787717,94.78701436988398,0.746004603528106
659.0,659.0,train,0.0010573159162207727,93.72014333473113,0.7423838617210177
660.0,660.0,train,0.0011084401014730746,98.54782524633072,0.758736310961873
661.0,661.0,train,9.337627429911002E-4,54.278860662085435,0.6981410209134756
662.0,662.0,train,9.829454389707743E-4,77.32542078432186,0.7165969016135187
663.0,663.0,train,9.063951997056116E-4,47.88160343592935,0.6873557398481493
664.0,664.0,train,8.982650703700555E-4,44.03529796205904,0.6840781048488815
665.0,665.0,train,8.933788592511596E-4,40.35788114507362,0.6820917365167135
666.0,666.0,train,8.322719215462306E-4,27.75928845958905,0.6561695985384953
667.0,667.0,train,3.222096569391157E-4,5.844799181642302,0.33854828507164425
668.0,668.0,train,0.0010789925399474647,97.48234258249903,0.7494484488149491
669.0,669.0,train,0.0010683503080787717,94.78701436988398,0.746004603528106
670.0,670.0,train,0.0010789925399474647,97.48234258249903,0.7494484488149491
671.0,671.0,train,9.63791663563547E-4,72.56206045680167,0.7095475165925191
672.0,672.0,train,4.5823860485406747E-4,8.776275429573579,0.4444579923228458
673.0,673.0,train,8.420983910267387E-4,29.020049002918316,0.6604763874520216
674.0,674.0,train,9.320352990401424E-4,53.532880684281324,0.6974713901426174
675.0,675.0,train,3.6108130406242565E-4,6.495546470252374,0.37072150485237465
676.0,676.0,train,9.827010071663765E-4,77.30656344992003,0.7165080272571747
677.0,677.0,train,9.94922064785062E-4,79.79552790388858,0.7209175940356424
678.0,678.0,train,9.102880209454495E-4,49.09072646440636,0.6889130571430844
679.0,679.0,train,9.713618647348976E-4,74.98611490766355,0.7123543822570484
680.0,680.0,train,5.432706891441348E-4,10.536635029838395,0.501866404847223
681.0,681.0,train,0.0010411393651585043,91.83720110067391,0.736982306592211
682.0,682.0,train,9.549871953484569E-4,68.58018002314648,0.7062485412152208
683.0,683.0,train,0.001025617710888568,88.09530949944171,0.7316929877623644
684.0,684.0,train,9.733993335237949E-4,76.35245213563222,0.7131051876610881
685.0,685.0,train,7.921906232138651E-4,22.52753520462218,0.6380292955411995
686.0,686.0,train,0.0010166777157858532,86.45862033782744,0.7285983631414692
687.0,687.0,train,9.63791663563547E-4,72.56206045680167,0.7095475165925191
688.0,688.0,train,0.001015372126947346,84.7628081412504,0.7281434497889306
689.0,689.0,train,9.895277344645712E-4,79.100317882975,0.7189797468986067
690.0,690.0,train,0.0010048535449918086,80.29641893167121,0.7244504753963867
691.0,691.0,train,0.0010048535449918086,80.29641893167121,0.7244504753963867
692.0,692.0,train,0.0010202173460990588,87.58189255367841,0.729827869719371
693.0,693.0,train,8.76002599042123E-4,37.27237881467895,0.6749261240315708
694.0,694.0,train,9.567184194492854E-4,69.01868558758255,0.7069001654893483
695.0,695.0,train,8.692230857972339E-4,35.98569304284458,0.6720867902742644
696.0,696.0,train,9.64223213394916E-4,72.59020157740594,0.709708259535853
697.0,697.0,train,9.85141918974316E-4,77.97168613852503,0.7173942832666422
698.0,698.0,train,2.3423453567423532E-4,4.643900896117566,0.2595277734476713
699.0,699.0,train,2.3423453567423532E-4,4.643900896117566,0.2595277734476713
700.0,700.0,train,2.3423453567423532E-4,4.643900896117566,0.2595277734476713
701.0,701.0,train,2.3423453567423532E-4,4.643900896117566,0.2595277734476713
702.0,702.0,train,2.3423453567423532E-4,4.643900896117566,0.2595277734476713
703.0,703.0,train,2.3423453567423532E-4,4.643900896117566,0.2595277734476713
704.0,704.0,train,2.3423453567423532E-4,4.643900896117566,0.2595277734476713
705.0,705.0,train,0.0010458052135974485,92.35901359823903,0.7385518113972012
706.0,706.0,train,9.63791663563547E-4,72.56206045680167,0.7095475165925191
707.0,707.0,train,9.707612869681185E-4,74.69503110868506,0.7121326951754368
708.0,708.0,train,9.713618647348976E-4,74.98611490766355,0.7123543822570484
709.0,709.0,train,9.59033627865458E-4,71.71059636321075,0.7077693400386421
710.0,710.0,train,9.707612869681185E-4,74.69503110868506,0.7121326951754368
711.0,711.0,train,9.338532403267829E-4,54.30915849412345,0.6981760606440018
712.0,712.0,train,9.931327906458666E-4,79.69585384763036,0.7202763048581718
713.0,713.0,train,9.707612869681185E-4,74.69503110868506,0.7121326951754368
714.0,714.0,train,9.66756559431863E-4,72.7551877476506,0.710650083636498
715.0,715.0,train,6.724126631016225E-4,14.501672882347464,0.5779136589964167
716.0,716.0,train,8.176470120205542E-4,24.03919759894401,0.6496583593918448
717.0,717.0,train,8.184028845226553E-4,24.095834739961195,0.6499978875900585
718.0,718.0,train,2.3423453567423532E-4,4.643900896117566,0.2595277734476713
719.0,719.0,train,9.392700340160036E-4,55.684893660857576,0.7002660019343825
720.0,720.0,train,6.093263919990569E-4,12.511486847696807,0.5423363336138789
721.0,721.0,train,8.504290059429504E-4,29.782227785042306,0.6640852862544804
722.0,722.0,train,8.696241717661146E-4,36.13096369242689,0.6722554575139387
723.0,723.0,train,0.0010411393651585043,91.83720110067391,0.736982306592211
724.0,724.0,train,9.227670509418727E-4,50.55905012663802,0.693853174997386
725.0,725.0,train,3.551378430811527E-4,6.336184058152015,0.36590552155979206
726.0,726.0,train,0.0010912878496811438,98.12633765842112,0.7533691370280955
727.0,727.0,train,0.0010072301848913267,82.30706596247252,0.725289253881616
728.0,728.0,train,2.3423453567423532E-4,4.643900896117566,0.2595277734476713
729.0,729.0,train,2.3423453567423532E-4,4.643900896117566,0.2595277734476713
730.0,730.0,train,2.3423453567423532E-4,4.643900896117566,0.2595277734476713
731.0,731.0,train,2.3423453567423532E-4,4.643900896117566,0.2595277734476713
732.0,732.0,train,2.3423453567423532E-4,4.643900896117566,0.2595277734476713
733.0,733.0,train,2.3423453567423532E-4,4.643900896117566,0.2595277734476713
734.0,734.0,train,2.3423453567423532E-4,4.643900896117566,0.2595277734476713
735.0,735.0,train,2.3423453567423532E-4,4.643900896117566,0.2595277734476713
736.0,736.0,train,2.3423453567423532E-4,4.643900896117566,0.2595277734476713
737.0,737.0,train,2.3423453567423532E-4,4.643900896117566,0.2595277734476713
738.0,738.0,train,9.713618647348976E-4,74.98611490766355,0.7123543822570484
739.0,739.0,train,9.713618647348976E-4,74.98611490766355,0.7123543822570484
740.0,740.0,train,9.713618647348976E-4,74.98611490766355,0.7123543822570484
741.0,741.0,train,9.713618647348976E-4,74.98611490766355,0.7123543822570484
742.0,742.0,train,9.290148129033486E-4,52.12325635536092,0.6962969497105644
743.0,743.0,train,9.713618647348976E-4,74.98611490766355,0.7123543822570484
744.0,744.0,train,9.026486786974906E-4,47.27559814961152,0.6858495881712807
745.0,745.0,train,9.379825813915229E-4,55.02746104414354,0.6997705836814776
746.0,746.0,train,8.514543145748963E-4,31.230929070832016,0.664526799916954
747.0,747.0,train,8.931522989934087E-4,40.27827130275424,0.6819993316746076
748.0,748.0,train,9.544685798592419E-4,68.36489814009772,0.7060530550371679
749.0,749.0,train,8.612264483636591E-4,34.78905700166837,0.6687058169522504
750.0,750.0,train,4.899944432955649E-4,9.535857208528002,0.46663337152154416
751.0,751.0,train,8.851937593425139E-4,38.765800934212464,0.6787362630080511
752.0,752.0,train,8.983483023324519E-4,44.574332974434064,0.6841118330166369
753.0,753.0,train,6.569865151268292E-4,13.887301374402275,0.5694781969465755
754.0,754.0,train,9.245391949489272E-4,50.68277692402034,0.694548329450303
755.0,755.0,train,9.325250284777452E-4,53.90563805622926,0.6976613808364467
756.0,756.0,train,8.323371779965014E-4,27.767266965789457,0.656198378858351
757.0,757.0,train,3.2028983647988663E-4,5.818561653584563,0.33691733859993267
758.0,758.0,train,0.0010912878496811438,98.12633765842112,0.7533691370280955
759.0,759.0,train,9.790911219974521E-4,77.03074184949665,0.7151922385909002
760.0,760.0,train,9.713618647348976E-4,74.98611490766355,0.7123543822570484
761.0,761.0,train,0.0010971673312916547,98.35464657658086,0.7552222241671611
762.0,762.0,train,5.739980541134149E-4,11.792518690058474,0.521118867276066
763.0,763.0,train,1.5371671478719181E-4,3.0705181903786363,0.1789587724279167
764.0,764.0,train,8.48600376545681E-4,29.612318419592953,0.6632964075030605
765.0,765.0,train,7.5906515049652E-4,20.80002872947022,0.6223169401200181
766.0,766.0,train,8.194994075999597E-4,24.22535107645828,0.6504898468232115
767.0,767.0,train,9.687909728331274E-4,73.23925009997718,0.7114042064568249
768.0,768.0,train,2.3423453567423532E-4,4.643900896117566,0.2595277734476713
769.0,769.0,train,6.742949705811655E-4,14.614081231804324,0.5789315791929351
770.0,770.0,train,0.0010063456593808293,80.89630993259387,0.7249773803698758
771.0,771.0,train,0.0010166777157858532,86.45862033782744,0.7285983631414692
772.0,772.0,train,2.7296345530806434E-4,5.118788511654254,0.2954155884997768
773.0,773.0,train,0.0010063456593808293,80.89630993259387,0.7249773803698758
774.0,774.0,train,0.001025617710888568,88.09530949944171,0.7316929877623644
775.0,775.0,train,4.445710996354667E-4,8.368760933864314,0.4346322618559614
776.0,776.0,train,4.899944432955649E-4,9.535857208528002,0.46663337152154416
777.0,777.0,train,0.0010177653207923626,86.96803011155988,0.728976741961368
778.0,778.0,train,2.9191878644571455E-4,5.398873926197098,0.31234107667946787
779.0,779.0,train,7.567740751242727E-4,20.645717617249257,0.621205333083912
780.0,780.0,train,7.436087949214364E-4,19.464534711956215,0.6147539569702508
781.0,781.0,train,7.436087949214364E-4,19.464534711956215,0.6147539569702508
782.0,782.0,train,7.436087949214364E-4,19.464534711956215,0.6147539569702508
783.0,783.0,train,7.436087949214364E-4,19.464534711956215,0.6147539569702508
784.0,784.0,train,7.436087949214364E-4,19.464534711956215,0.6147539569702508
785.0,785.0,train,7.436087949214364E-4,19.464534711956215,0.6147539569702508
786.0,786.0,train,7.436087949214364E-4,19.464534711956215,0.6147539569702508
787.0,787.0,train,7.436087949214364E-4,19.464534711956215,0.6147539569702508
788.0,788.0,train,7.436087949214364E-4,19.464534711956215,0.6147539569702508
789.0,789.0,train,7.436087949214364E-4,19.464534711956215,0.6147539569702508
790.0,790.0,train,7.436087949214364E-4,19.464534711956215,0.6147539569702508
791.0,791.0,train,7.436087949214364E-4,19.464534711956215,0.6147539569702508
792.0,792.0,train,9.433016987831893E-4,63.031849124997066,0.7018121246606654
793.0,793.0,train,9.433016987831893E-4,63.031849124997066,0.7018121246606654
794.0,794.0,train,9.433016987831893E-4,63.031849124997066,0.7018121246606654
795.0,795.0,train,9.433016987831893E-4,63.031849124997066,0.7018121246606654
796.0,796.0,train,9.433016987831893E-4,63.031849124997066,0.7018121246606654
797.0,797.0,train,9.433016987831893E-4,63.031849124997066,0.7018121246606654
798.0,798.0,train,9.433016987831893E-4,63.031849124997066,0.7018121246606654
799.0,799.0,train,9.433016987831893E-4,63.031849124997066,0.7018121246606654
800.0,800.0,train,9.433016987831893E-4,63.031849124997066,0.7018121246606654
801.0,801.0,train,9.433016987831893E-4,63.031849124997066,0.7018121246606654
802.0,802.0,train,9.433016987831893E-4,63.031849124997066,0.7018121246606654
803.0,803.0,train,9.433016987831893E-4,63.031849124997066,0.7018121246606654
804.0,804.0,train,9.433016987831893E-4,63.031849124997066,0.7018121246606654
805.0,805.0,train,9.433016987831893E-4,63.031849124997066,0.7018121246606654
806.0,806.0,train,9.433016987831893E-4,63.031849124997066,0.7018121246606654
807.0,807.0,train,0.0010124744131726408,84.22688175703526,0.7271310576536116
808.0,808.0,train,9.433016987831893E-4,63.031849124997066,0.7018121246606654
809.0,809.0,train,9.433016987831893E-4,63.031849124997066,0.7018121246606654
810.0,810.0,train,9.433016987831893E-4,63.031849124997066,0.7018121246606654
811.0,811.0,train,0.0010124744131726408,84.22688175703526,0.7271310576536116
812.0,812.0,train,9.433016987831893E-4,63.031849124997066,0.7018121246606654
813.0,813.0,train,9.433016987831893E-4,63.031849124997066,0.7018121246606654
814.0,814.0,train,7.436087949214364E-4,19.464534711956215,0.6147539569702508
815.0,815.0,train,7.436087949214364E-4,19.464534711956215,0.6147539569702508
816.0,816.0,train,7.436087949214364E-4,19.464534711956215,0.6147539569702508
817.0,817.0,train,7.436087949214364E-4,19.464534711956215,0.6147539569702508
818.0,818.0,train,7.531782381135652E-4,20.44172683133002,0.6194540678508165
819.0,819.0,train,7.531782381135652E-4,20.44172683133002,0.6194540678508165
820.0,820.0,train,9.433016987831893E-4,63.031849124997066,0.7018121246606654
821.0,821.0,train,9.433016987831893E-4,63.031849124997066,0.7018121246606654
822.0,822.0,train,9.433016987831893E-4,63.031849124997066,0.7018121246606654
823.0,823.0,train,0.0010124744131726408,84.22688175703526,0.7271310576536116
824.0,824.0,train,9.433016987831893E-4,63.031849124997066,0.7018121246606654
825.0,825.0,train,0.0010124744131726408,84.22688175703526,0.7271310576536116
826.0,826.0,train,0.0010124744131726408,84.22688175703526,0.7271310576536116
827.0,827.0,train,9.433016987831893E-4,63.031849124997066,0.7018121246606654
828.0,828.0,train,9.433016987831893E-4,63.031849124997066,0.7018121246606654
829.0,829.0,train,9.433016987831893E-4,63.031849124997066,0.7018121246606654
830.0,830.0,train,9.433016987831893E-4,63.031849124997066,0.7018121246606654
831.0,831.0,train,9.433016987831893E-4,63.031849124997066,0.7018121246606654
832.0,832.0,train,9.433016987831893E-4,63.031849124997066,0.7018121246606654
833.0,833.0,train,9.433016987831893E-4,63.031849124997066,0.7018121246606654
834.0,834.0,train,9.433016987831893E-4,63.031849124997066,0.7018121246606654
835.0,835.0,train,9.433016987831893E-4,63.031849124997066,0.7018121246606654
836.0,836.0,train,9.433016987831893E-4,63.031849124997066,0.7018121246606654
837.0,837.0,train,9.433016987831893E-4,63.031849124997066,0.7018121246606654
838.0,838.0,train,9.433016987831893E-4,63.031849124997066,0.7018121246606654
839.0,839.0,train,9.433016987831893E-4,63.031849124997066,0.7018121246606654
840.0,840.0,train,9.433016987831893E-4,63.031849124997066,0.7018121246606654
841.0,841.0,train,9.433016987831893E-4,63.031849124997066,0.7018121246606654
842.0,842.0,train,9.433016987831893E-4,63.031849124997066,0.7018121246606654
843.0,843.0,train,9.433016987831893E-4,63.031849124997066,0.7018121246606654
844.0,844.0,train,0.0010789925399474647,97.48234258249903,0.7494484488149491
845.0,845.0,train,0.0010789925399474647,97.48234258249903,0.7494484488149491
846.0,846.0,train,0.0010789925399474647,97.48234258249903,0.7494484488149491
847.0,847.0,train,0.0010789925399474647,97.48234258249903,0.7494484488149491
848.0,848.0,train,0.0010789925399474647,97.48234258249903,0.7494484488149491
849.0,849.0,train,0.0010789925399474647,97.48234258249903,0.7494484488149491
850.0,850.0,train,0.0010789925399474647,97.48234258249903,0.7494484488149491
851.0,851.0,train,0.0010789925399474647,97.48234258249903,0.7494484488149491
852.0,852.0,train,0.0010789925399474647,97.48234258249903,0.7494484488149491
853.0,853.0,train,0.0010789925399474647,97.48234258249903,0.7494484488149491
854.0,854.0,train,0.0010789925399474647,97.48234258249903,0.7494484488149491
855.0,855.0,train,9.454025376066439E-4,64.73273893925521,0.7026146222464049
856.0,856.0,train,9.567184194492854E-4,69.01868558758255,0.7069001654893483
857.0,857.0,train,9.454025376066439E-4,64.73273893925521,0.7026146222464049
858.0,858.0,train,9.454025376066439E-4,64.73273893925521,0.7026146222464049
859.0,859.0,train,9.567184194492854E-4,69.01868558758255,0.7069001654893483
860.0,860.0,train,9.454025376066439E-4,64.73273893925521,0.7026146222464049
861.0,861.0,train,9.567184194492854E-4,69.01868558758255,0.7069001654893483
862.0,862.0,train,9.567184194492854E-4,69.01868558758255,0.7069001654893483
863.0,863.0,train,9.567184194492854E-4,69.01868558758255,0.7069001654893483
864.0,864.0,train,9.454025376066439E-4,64.73273893925521,0.7026146222464049
865.0,865.0,train,9.454025376066439E-4,64.73273893925521,0.7026146222464049
866.0,866.0,train,9.355204481379582E-4,54.82556245659337,0.69882086086465
867.0,867.0,train,9.454025376066439E-4,64.73273893925521,0.7026146222464049
868.0,868.0,train,9.454025376066439E-4,64.73273893925521,0.7026146222464049
869.0,869.0,train,9.567184194492854E-4,69.01868558758255,0.7069001654893483
870.0,870.0,train,9.454025376066439E-4,64.73273893925521,0.7026146222464049
871.0,871.0,train,9.567184194492854E-4,69.01868558758255,0.7069001654893483
872.0,872.0,train,9.567184194492854E-4,69.01868558758255,0.7069001654893483
873.0,873.0,train,9.085805001617191E-4,48.09063728721257,0.6882309233452446
874.0,874.0,train,9.567184194492854E-4,69.01868558758255,0.7069001654893483
875.0,875.0,train,9.454025376066439E-4,64.73273893925521,0.7026146222464049
876.0,876.0,train,9.567184194492854E-4,69.01868558758255,0.7069001654893483
877.0,877.0,train,9.454025376066439E-4,64.73273893925521,0.7026146222464049
878.0,878.0,train,0.0010177653207923626,86.96803011155988,0.728976741961368
879.0,879.0,train,0.0010177653207923626,86.96803011155988,0.728976741961368
880.0,880.0,train,7.877016094729027E-4,22.13204712134557,0.6359389338511683
881.0,881.0,train,9.567184194492854E-4,69.01868558758255,0.7069001654893483
882.0,882.0,train,9.355204481379582E-4,54.82556245659337,0.69882086086465
883.0,883.0,train,9.567184194492854E-4,69.01868558758255,0.7069001654893483
884.0,884.0,train,9.085805001617191E-4,48.09063728721257,0.6882309233452446
885.0,885.0,train,9.567184194492854E-4,69.01868558758255,0.7069001654893483
886.0,886.0,train,8.358260573750657E-4,28.28066552230619,0.6577335913277274
887.0,887.0,train,8.514543145748963E-4,31.230929070832016,0.664526799916954
888.0,888.0,train,8.514543145748963E-4,31.230929070832016,0.664526799916954
889.0,889.0,train,8.514543145748963E-4,31.230929070832016,0.664526799916954
890.0,890.0,train,8.358260573750657E-4,28.28066552230619,0.6577335913277274
891.0,891.0,train,8.358260573750657E-4,28.28066552230619,0.6577335913277274
892.0,892.0,train,8.514543145748963E-4,31.230929070832016,0.664526799916954
893.0,893.0,train,8.514543145748963E-4,31.230929070832016,0.664526799916954
894.0,894.0,train,8.514543145748963E-4,31.230929070832016,0.664526799916954
895.0,895.0,train,8.358260573750657E-4,28.28066552230619,0.6577335913277274
896.0,896.0,train,9.433016987831893E-4,63.031849124997066,0.7018121246606654
897.0,897.0,train,9.433016987831893E-4,63.031849124997066,0.7018121246606654
898.0,898.0,train,9.433016987831893E-4,63.031849124997066,0.7018121246606654
899.0,899.0,train,9.433016987831893E-4,63.031849124997066,0.7018121246606654
900.0,900.0,train,9.433016987831893E-4,63.031849124997066,0.7018121246606654
901.0,901.0,train,9.433016987831893E-4,63.031849124997066,0.7018121246606654
902.0,902.0,train,9.433016987831893E-4,63.031849124997066,0.7018121246606654
903.0,903.0,train,9.433016987831893E-4,63.031849124997066,0.7018121246606654
904.0,904.0,train,9.433016987831893E-4,63.031849124997066,0.7018121246606654
905.0,905.0,train,6.486253080647608E-4,13.7519200547249,0.5648358105705921
906.0,906.0,train,7.436087949214364E-4,19.464534711956215,0.6147539569702508
907.0,907.0,train,7.436087949214364E-4,19.464534711956215,0.6147539569702508
908.0,908.0,train,7.436087949214364E-4,19.464534711956215,0.6147539569702508
909.0,909.0,train,7.436087949214364E-4,19.464534711956215,0.6147539569702508
910.0,910.0,train,6.806557809276706E-4,15.043405261861807,0.5823532687443496
911.0,911.0,train,7.436087949214364E-4,19.464534711956215,0.6147539569702508
912.0,912.0,train,8.263137617401005E-4,26.49138071524391,0.6535316690271228
913.0,913.0,train,8.263137617401005E-4,26.49138071524391,0.6535316690271228
914.0,914.0,train,8.312277062667908E-4,27.597301755497064,0.6557087361272649
915.0,915.0,train,8.263137617401005E-4,26.49138071524391,0.6535316690271228
916.0,916.0,train,8.263137617401005E-4,26.49138071524391,0.6535316690271228
917.0,917.0,train,8.263137617401005E-4,26.49138071524391,0.6535316690271228
918.0,918.0,train,8.263137617401005E-4,26.49138071524391,0.6535316690271228
919.0,919.0,train,8.312277062667908E-4,27.597301755497064,0.6557087361272649
920.0,920.0,train,8.263137617401005E-4,26.49138071524391,0.6535316690271228
921.0,921.0,train,8.263137617401005E-4,26.49138071524391,0.6535316690271228
922.0,922.0,train,8.263137617401005E-4,26.49138071524391,0.6535316690271228
923.0,923.0,train,8.312277062667908E-4,27.597301755497064,0.6557087361272649
924.0,924.0,train,8.263137617401005E-4,26.49138071524391,0.6535316690271228
925.0,925.0,train,8.263137617401005E-4,26.49138071524391,0.6535316690271228
926.0,926.0,train,8.263137617401005E-4,26.49138071524391,0.6535316690271228
927.0,927.0,train,8.263137617401005E-4,26.49138071524391,0.6535316690271228
928.0,928.0,train,8.263137617401005E-4,26.49138071524391,0.6535316690271228
929.0,929.0,train,8.263137617401005E-4,26.49138071524391,0.6535316690271228
930.0,930.0,train,8.312277062667908E-4,27.597301755497064,0.6557087361272649
931.0,931.0,train,8.263137617401005E-4,26.49138071524391,0.6535316690271228
932.0,932.0,train,8.263137617401005E-4,26.49138071524391,0.6535316690271228
933.0,933.0,train,8.312277062667908E-4,27.597301755497064,0.6557087361272649
934.0,934.0,train,8.263137617401005E-4,26.49138071524391,0.6535316690271228
935.0,935.0,train,9.433016987831893E-4,63.031849124997066,0.7018121246606654
936.0,936.0,train,9.433016987831893E-4,63.031849124997066,0.7018121246606654
937.0,937.0,train,9.433016987831893E-4,63.031849124997066,0.7018121246606654
938.0,938.0,train,9.433016987831893E-4,63.031849124997066,0.7018121246606654
939.0,939.0,train,9.433016987831893E-4,63.031849124997066,0.7018121246606654
940.0,940.0,train,8.890371144419485E-4,39.4140438122627,0.6803162305748975
941.0,941.0,train,9.093496443722537E-4,48.90737438986185,0.688538372043734
942.0,942.0,train,9.093496443722537E-4,48.90737438986185,0.688538372043734
943.0,943.0,train,8.890371144419485E-4,39.4140438122627,0.6803162305748975
944.0,944.0,train,8.890371144419485E-4,39.4140438122627,0.6803162305748975
945.0,945.0,train,8.890371144419485E-4,39.4140438122627,0.6803162305748975
946.0,946.0,train,8.890371144419485E-4,39.4140438122627,0.6803162305748975
947.0,947.0,train,7.436087949214364E-4,19.464534711956215,0.6147539569702508
948.0,948.0,train,8.514543145748963E-4,31.230929070832016,0.664526799916954
949.0,949.0,train,8.514543145748963E-4,31.230929070832016,0.664526799916954
950.0,950.0,train,8.514543145748963E-4,31.230929070832016,0.664526799916954
951.0,951.0,train,8.514543145748963E-4,31.230929070832016,0.664526799916954
952.0,952.0,train,8.514543145748963E-4,31.230929070832016,0.664526799916954
953.0,953.0,train,8.514543145748963E-4,31.230929070832016,0.664526799916954
954.0,954.0,train,9.454025376066439E-4,64.73273893925521,0.7026146222464049
955.0,955.0,train,9.567184194492854E-4,69.01868558758255,0.7069001654893483
956.0,956.0,train,9.454025376066439E-4,64.73273893925521,0.7026146222464049
957.0,957.0,train,9.567184194492854E-4,69.01868558758255,0.7069001654893483
958.0,958.0,train,9.567184194492854E-4,69.01868558758255,0.7069001654893483
959.0,959.0,train,9.454025376066439E-4,64.73273893925521,0.7026146222464049
960.0,960.0,train,9.567184194492854E-4,69.01868558758255,0.7069001654893483
961.0,961.0,train,9.454025376066439E-4,64.73273893925521,0.7026146222464049
962.0,962.0,train,9.567184194492854E-4,69.01868558758255,0.7069001654893483
963.0,963.0,train,9.567184194492854E-4,69.01868558758255,0.7069001654893483
964.0,964.0,train,9.34553174801327E-4,54.54355761189481,0.6984469314436796
965.0,965.0,train,9.567184194492854E-4,69.01868558758255,0.7069001654893483
966.0,966.0,train,8.514543145748963E-4,31.230929070832016,0.664526799916954
967.0,967.0,train,7.531782381135652E-4,20.44172683133002,0.6194540678508165
968.0,968.0,train,7.531782381135652E-4,20.44172683133002,0.6194540678508165
969.0,969.0,train,7.531782381135652E-4,20.44172683133002,0.6194540678508165
970.0,970.0,train,8.514543145748963E-4,31.230929070832016,0.664526799916954
971.0,971.0,train,9.249084389471306E-4,50.708556644612166,0.6946929730343014
972.0,972.0,train,9.829454389707743E-4,77.32542078432186,0.7165969016135187
973.0,973.0,train,9.829454389707743E-4,77.32542078432186,0.7165969016135187
974.0,974.0,train,9.249084389471306E-4,50.708556644612166,0.6946929730343014
975.0,975.0,train,8.514543145748963E-4,31.230929070832016,0.664526799916954
976.0,976.0,train,8.514543145748963E-4,31.230929070832016,0.664526799916954
977.0,977.0,train,8.514543145748963E-4,31.230929070832016,0.664526799916954
978.0,978.0,train,8.514543145748963E-4,31.230929070832016,0.664526799916954
979.0,979.0,train,8.514543145748963E-4,31.230929070832016,0.664526799916954
980.0,980.0,train,8.514543145748963E-4,31.230929070832016,0.664526799916954
981.0,981.0,train,9.713618647348976E-4,74.98611490766355,0.7123543822570484
982.0,982.0,train,9.713618647348976E-4,74.98611490766355,0.7123543822570484
983.0,983.0,train,9.713618647348976E-4,74.98611490766355,0.7123543822570484
984.0,984.0,train,9.829454389707743E-4,77.32542078432186,0.7165969016135187
985.0,985.0,train,9.829454389707743E-4,77.32542078432186,0.7165969016135187
986.0,986.0,train,0.0011101152096242113,98.57652269871318,0.7592541733551694
987.0,987.0,train,8.581135125598653E-4,32.25439016464401,0.6673802629075245
988.0,988.0,train,8.581135125598653E-4,32.25439016464401,0.6673802629075245
989.0,989.0,train,6.070599234550404E-4,12.474426892152053,0.5410038137922566
990.0,990.0,train,9.567184194492854E-4,69.01868558758255,0.7069001654893483
991.0,991.0,train,8.825313772633419E-4,38.11965986494094,0.6776372066223821
992.0,992.0,train,8.825313772633419E-4,38.11965986494094,0.6776372066223821
993.0,993.0,train,8.825313772633419E-4,38.11965986494094,0.6776372066223821
994.0,994.0,train,8.825313772633419E-4,38.11965986494094,0.6776372066223821
995.0,995.0,train,1.1702694467330954E-4,2.2686129851235126,0.1393933341662652
996.0,996.0,train,1.1702694467330954E-4,2.2686129851235126,0.1393933341662652
997.0,997.0,train,1.432213436943499E-4,2.8922657874474345,0.16783029923865922
998.0,998.0,train,8.944214889980411E-4,40.82415426651051,0.6825166373774654
999.0,999.0,train,5.746842103182741E-4,11.857942208670837,0.5215401810727008
1000.0,1000.0,train,8.581135125598653E-4,32.25439016464401,0.6673802629075245
1001.0,1001.0,train,8.581135125598653E-4,32.25439016464401,0.6673802629075245
1002.0,1002.0,train,8.581135125598653E-4,32.25439016464401,0.6673802629075245
1003.0,1003.0,train,8.581135125598653E-4,32.25439016464401,0.6673802629075245
1004.0,1004.0,train,8.581135125598653E-4,32.25439016464401,0.6673802629075245
1005.0,1005.0,train,8.581135125598653E-4,32.25439016464401,0.6673802629075245
1006.0,1006.0,train,8.581135125598653E-4,32.25439016464401,0.6673802629075245
1007.0,1007.0,train,8.581135125598653E-4,32.25439016464401,0.6673802629075245
1008.0,1008.0,train,8.581135125598653E-4,32.25439016464401,0.6673802629075245
1009.0,1009.0,train,8.581135125598653E-4,32.25439016464401,0.6673802629075245
1010.0,1010.0,train,8.581135125598653E-4,32.25439016464401,0.6673802629075245
1011.0,1011.0,train,8.581135125598653E-4,32.25439016464401,0.6673802629075245
1012.0,1012.0,train,8.581135125598653E-4,32.25439016464401,0.6673802629075245
1013.0,1013.0,train,8.944214889980411E-4,40.82415426651051,0.6825166373774654
1014.0,1014.0,train,8.944214889980411E-4,40.82415426651051,0.6825166373774654
1015.0,1015.0,train,8.944214889980411E-4,40.82415426651051,0.6825166373774654
1016.0,1016.0,train,8.944214889980411E-4,40.82415426651051,0.6825166373774654
1017.0,1017.0,train,8.944214889980411E-4,40.82415426651051,0.6825166373774654
1018.0,1018.0,train,8.944214889980411E-4,40.82415426651051,0.6825166373774654
1019.0,1019.0,train,8.944214889980411E-4,40.82415426651051,0.6825166373774654
1020.0,1020.0,train,8.944214889980411E-4,40.82415426651051,0.6825166373774654
1021.0,1021.0,train,8.944214889980411E-4,40.82415426651051,0.6825166373774654
1022.0,1022.0,train,8.944214889980411E-4,40.82415426651051,0.6825166373774654
1023.0,1023.0,train,8.944214889980411E-4,40.82415426651051,0.6825166373774654
1024.0,1024.0,train,8.944214889980411E-4,40.82415426651051,0.6825166373774654
1025.0,1025.0,train,8.944214889980411E-4,40.82415426651051,0.6825166373774654
1026.0,1026.0,train,8.944214889980411E-4,40.82415426651051,0.6825166373774654
1027.0,1027.0,train,8.944214889980411E-4,40.82415426651051,0.6825166373774654
1028.0,1028.0,train,8.944214889980411E-4,40.82415426651051,0.6825166373774654
1029.0,1029.0,train,8.944214889980411E-4,40.82415426651051,0.6825166373774654
1030.0,1030.0,train,8.944214889980411E-4,40.82415426651051,0.6825166373774654
1031.0,1031.0,train,8.944214889980411E-4,40.82415426651051,0.6825166373774654
1032.0,1032.0,train,8.944214889980411E-4,40.82415426651051,0.6825166373774654
1033.0,1033.0,train,8.944214889980411E-4,40.82415426651051,0.6825166373774654
1034.0,1034.0,train,8.944214889980411E-4,40.82415426651051,0.6825166373774654
1035.0,1035.0,train,8.944214889980411E-4,40.82415426651051,0.6825166373774654
1036.0,1036.0,train,8.945753985977723E-4,43.85556580958825,0.6825793117338161
1037.0,1037.0,train,4.923399824848109E-4,9.582834749075237,0.46823573642433447
1038.0,1038.0,train,3.2028983647988663E-4,5.818561653584563,0.33691733859993267
1039.0,1039.0,train,1.4485717671198378E-4,2.9202860951055203,0.1695746803005499
1040.0,1040.0,train,1.0390737464048859E-4,1.8582003620024035,0.12478737982652965
1041.0,1041.0,train,1.0390737464048859E-4,1.8582003620024035,0.12478737982652965
1042.0,1042.0,train,1.0390737464048859E-4,1.8582003620024035,0.12478737982652965
1043.0,1043.0,train,1.0390737464048859E-4,1.8582003620024035,0.12478737982652965
1044.0,1044.0,train,1.0390737464048859E-4,1.8582003620024035,0.12478737982652965
1045.0,1045.0,train,8.822132302513823E-4,37.794680779933735,0.677505621298339
1046.0,1046.0,train,3.2028983647988663E-4,5.818561653584563,0.33691733859993267
1047.0,1047.0,train,9.59106009746448E-4,71.74853603169966,0.7077964720228123
1048.0,1048.0,train,9.687909728331274E-4,73.23925009997718,0.7114042064568249
1049.0,1049.0,train,8.291219983113244E-4,27.30720640877068,0.6547775062806316
1050.0,1050.0,train,9.508329755880274E-4,67.6030883740539,0.7046789981496118
